{
    "all_DeepONet_branch_trunk_outputs_stats": {
        "normalization_method": {
            "branch_inputs": "z-score",
            "trunk_inputs": "min-max",
            "outputs": "z-score",
            "static_fields": "z-score"
        },
        "branch_inputs": {
            "min": [
                200.05712890625,
                20.02914810180664,
                100.03289794921875
            ],
            "max": [
                649.9136962890625,
                79.99988555908203,
                399.97711181640625
            ],
            "mean": [
                425.003386138916,
                49.999966663360595,
                250.00292595672607
            ],
            "std": [
                129.90713889084614,
                17.320588241686778,
                86.60631819536722
            ]
        },
        "trunk_inputs": {
            "min": [
                16971.947265625,
                -8569.83984375
            ],
            "max": [
                22282.3671875,
                -2668.64404296875
            ],
            "mean": [
                19496.32983534179,
                -6700.6566852451415
            ],
            "std": [
                1078.9268281005945,
                1097.9150754932905
            ]
        },
        "outputs": {
            "min": [
                0.0,
                -1.2296253442764282,
                -0.5089664459228516
            ],
            "max": [
                20.224199295043945,
                1.3638949394226074,
                4.306253910064697
            ],
            "mean": [
                5.082669580820813,
                0.13165188107789333,
                -0.014025304560057112
            ],
            "std": [
                3.9892947209747627,
                0.15320431495995732,
                0.19928636148059087
            ]
        }
    },
    "all_points_stats": {
        "x_min": 16971.947265625,
        "x_max": 22282.3671875,
        "x_mean": 19496.32983534179,
        "x_std": 1078.9268280997435,
        "y_min": -8569.83984375,
        "y_max": -2668.64404296875,
        "y_mean": -6700.6566852451415,
        "y_std": 1097.9150754931497,
        "t_min": 0.0,
        "t_max": 0.0,
        "t_mean": 0.0,
        "t_std": 0.0
    },
    "all_data_stats": {
        "h_min": 0.0,
        "h_max": 20.224199295043945,
        "h_mean": 5.082669580820816,
        "h_std": 3.989294720968059,
        "u_min": -1.2296253442764282,
        "u_max": 1.3638949394226074,
        "u_mean": 0.13165188107789516,
        "u_std": 0.15320431496037756,
        "v_min": -0.5089664459228516,
        "v_max": 4.306253910064697,
        "v_mean": -0.014025304560057092,
        "v_std": 0.19928636147963877,
        "Umag_min": 0.0,
        "Umag_max": 4.478370376066993,
        "Umag_mean": 0.22757197139065707,
        "Umag_std": 0.1700780432360168
    }
}