{
    "variable_name": "velocity_magnitude",
    "model_1_name": "DeepONet",
    "model_2_name": "PI-DeepONet",
    "slope_model_1": 0.13532351364298476,
    "intercept_model_1": -0.05582464405160568,
    "slope_model_2": 0.09614279528516462,
    "intercept_model_2": 0.02505158171969919,
    "slope_difference": 0.03918071835782014,
    "pearson_model_1": 0.9273880661371073,
    "pearson_model_2": 0.9273801033145591,
    "ratio_mean": 0.8257084219491133,
    "ratio_median": 0.7890109388499655,
    "ratio_std": 0.09003432660587479,
    "ratio_frac_less_than_one": 0.93,
    "bin_centers": [
        2.3967416200929827,
        3.6331450800416007,
        4.86954853999022,
        6.105951999938837,
        7.342355459887456,
        8.578758919836073
    ],
    "bin_mean_RMSE_model_1": [
        0.2664207475525992,
        0.43762180507183074,
        0.6075454250625942,
        0.7714908939820749,
        0.951713856528787,
        1.071624219417572
    ],
    "bin_mean_RMSE_model_2": [
        0.2530510148831776,
        0.3799148380756378,
        0.49926985605903296,
        0.6008353211261608,
        0.7439748679890352,
        0.8468982378641764
    ],
    "bin_improvement": [
        0.013369732669421597,
        0.05770696699619293,
        0.10827556900356128,
        0.17065557285591415,
        0.2077389885397518,
        0.22472598155339563
    ],
    "bin_counts": [
        7,
        20,
        23,
        27,
        17,
        6
    ],
    "weighted_mean_improvement": 0.13225684717297556,
    "breakdown_distance_model_1": 3.4152573343229884,
    "breakdown_distance_model_2": 4.1363181786750225
}