{
    "variable_name": "u",
    "model_1_name": "DeepONet",
    "model_2_name": "PI-DeepONet",
    "slope_model_1": 0.11757912977593905,
    "intercept_model_1": -0.2582792697238873,
    "slope_model_2": 0.0754341844369424,
    "intercept_model_2": -0.13350082411548228,
    "slope_difference": 0.04214494533899665,
    "pearson_model_1": 0.9198017303626451,
    "pearson_model_2": 0.9119022139647579,
    "ratio_mean": 0.7735958396225344,
    "ratio_median": 0.7188957490047342,
    "ratio_std": 0.1351890490028149,
    "ratio_frac_less_than_one": 0.9,
    "bin_centers": [
        2.3967416200929827,
        3.6331450800416007,
        4.86954853999022,
        6.105951999938837,
        7.342355459887456,
        8.578758919836073
    ],
    "bin_mean_MSE_model_1": [
        0.07237733710960625,
        0.17362122556050233,
        0.30084422106839315,
        0.43919783429689263,
        0.6301277156071987,
        0.7771854258604964
    ],
    "bin_mean_MSE_model_2": [
        0.07122068161477303,
        0.14899274239811253,
        0.2293887073334758,
        0.30402684074036584,
        0.4374997757341453,
        0.547270189125321
    ],
    "bin_improvement": [
        0.0011566554948332225,
        0.024628483162389803,
        0.07145551373491735,
        0.1351709935565268,
        0.19262793987305343,
        0.22991523673517544
    ],
    "bin_counts": [
        7,
        20,
        23,
        27,
        17,
        6
    ],
    "weighted_mean_improvement": 0.10447926291893912,
    "breakdown_distance_model_1": 5.545874084954367,
    "breakdown_distance_model_2": 7.097664625936776
}