{
    "variable_name": "velocity_magnitude",
    "model_1_name": "DeepONet",
    "model_2_name": "PI-DeepONet",
    "slope_model_1": 0.13532351364298476,
    "intercept_model_1": -0.05582464405160568,
    "slope_model_2": 0.11827990628630915,
    "intercept_model_2": 0.01504900960320149,
    "slope_difference": 0.017043607356675608,
    "pearson_model_1": 0.9273880661371073,
    "pearson_model_2": 0.9364961643614245,
    "ratio_mean": 0.9875417489247394,
    "ratio_median": 0.9627368071600729,
    "ratio_std": 0.1012020581088839,
    "ratio_frac_less_than_one": 0.66,
    "bin_centers": [
        2.3967416200929827,
        3.6331450800416007,
        4.86954853999022,
        6.105951999938837,
        7.342355459887456,
        8.578758919836073
    ],
    "bin_mean_RMSE_model_1": [
        0.2664207475525992,
        0.43762180507183074,
        0.6075454250625942,
        0.7714908939820749,
        0.951713856528787,
        1.071624219417572
    ],
    "bin_mean_RMSE_model_2": [
        0.27617281462465015,
        0.45556326806545255,
        0.602505113767541,
        0.7256136293764468,
        0.8962541818618774,
        1.0193598071734111
    ],
    "bin_improvement": [
        -0.009752067072050952,
        -0.017941462993621815,
        0.005040311295053224,
        0.04587726460562813,
        0.0554596746669096,
        0.052264412244160896
    ],
    "bin_counts": [
        7,
        20,
        23,
        27,
        17,
        6
    ],
    "weighted_mean_improvement": 0.021839205175638195,
    "breakdown_distance_model_1": 3.4152573343229884,
    "breakdown_distance_model_2": 3.3414082028865013
}