{
    "variable_name": "u",
    "model_1_name": "DeepONet",
    "model_2_name": "PI-DeepONet",
    "slope_model_1": 0.10053085932093064,
    "intercept_model_1": 0.04355019615729565,
    "slope_model_2": 0.07433701111571198,
    "intercept_model_2": 0.10404897972551178,
    "slope_difference": 0.026193848205218667,
    "pearson_model_1": 0.936150782966984,
    "pearson_model_2": 0.9246215991119001,
    "ratio_mean": 0.8764611779778939,
    "ratio_median": 0.8478769966646094,
    "ratio_std": 0.07393447221666442,
    "ratio_frac_less_than_one": 0.9,
    "bin_centers": [
        2.3967416200929827,
        3.6331450800416007,
        4.86954853999022,
        6.105951999938837,
        7.342355459887456,
        8.578758919836073
    ],
    "bin_mean_RMSE_model_1": [
        0.26669203682068027,
        0.41376551361581315,
        0.542230991631481,
        0.6555792280244822,
        0.7905832422015504,
        0.88120178156513
    ],
    "bin_mean_RMSE_model_2": [
        0.2659928690644692,
        0.38194014768888435,
        0.47528526127083426,
        0.5472670975991699,
        0.6586659554594632,
        0.7394135306238491
    ],
    "bin_improvement": [
        0.0006991677562110943,
        0.031825365926928806,
        0.06694573036064677,
        0.10831213042531229,
        0.13191728674208725,
        0.1417882509412809
    ],
    "bin_counts": [
        7,
        20,
        23,
        27,
        17,
        6
    ],
    "weighted_mean_improvement": 0.08198904192873531,
    "breakdown_distance_model_1": 4.1363181786750225,
    "breakdown_distance_model_2": 4.6884138809252995
}