{
    "variable_name": "velocity_magnitude",
    "model_1_name": "DeepONet",
    "model_2_name": "PI-DeepONet",
    "slope_model_1": 0.13532351364298476,
    "intercept_model_1": -0.05582464405160568,
    "slope_model_2": 0.13466201843863623,
    "intercept_model_2": 0.020098533446938235,
    "slope_difference": 0.0006614952043485223,
    "pearson_model_1": 0.9273880661371073,
    "pearson_model_2": 0.9387844010268518,
    "ratio_mean": 1.1292684482272626,
    "ratio_median": 1.0978301552460508,
    "ratio_std": 0.10081201189884091,
    "ratio_frac_less_than_one": 0.0,
    "bin_centers": [
        2.3967416200929827,
        3.6331450800416007,
        4.86954853999022,
        6.105951999938837,
        7.342355459887456,
        8.578758919836073
    ],
    "bin_mean_RMSE_model_1": [
        0.2664207475525992,
        0.43762180507183074,
        0.6075454250625942,
        0.7714908939820749,
        0.951713856528787,
        1.071624219417572
    ],
    "bin_mean_RMSE_model_2": [
        0.32642990350723267,
        0.5177942737936974,
        0.6877616760523423,
        0.8310950111459803,
        1.0232880115509033,
        1.1612779299418132
    ],
    "bin_improvement": [
        -0.060009155954633464,
        -0.08017246872186662,
        -0.08021625098974805,
        -0.059604117163905346,
        -0.07157415502211628,
        -0.0896537105242412
    ],
    "bin_counts": [
        7,
        20,
        23,
        27,
        17,
        6
    ],
    "weighted_mean_improvement": -0.0723248130083084,
    "breakdown_distance_model_1": 3.4152573343229884,
    "breakdown_distance_model_2": 3.189042647432542
}