{
    "variable_name": "h",
    "model_1_name": "DeepONet",
    "model_2_name": "PI-DeepONet",
    "slope_model_1": 0.10968181108249711,
    "intercept_model_1": -0.046271942090320026,
    "slope_model_2": 0.10732946521585386,
    "intercept_model_2": -0.021247479057294176,
    "slope_difference": 0.002352345866643249,
    "pearson_model_1": 0.9352427666344266,
    "pearson_model_2": 0.9323665146009701,
    "ratio_mean": 1.0292777511952194,
    "ratio_median": 1.0252531883120581,
    "ratio_std": 0.03575511543809385,
    "ratio_frac_less_than_one": 0.21,
    "bin_centers": [
        2.3967416200929827,
        3.6331450800416007,
        4.86954853999022,
        6.105951999938837,
        7.342355459887456,
        8.578758919836073
    ],
    "bin_mean_RMSE_model_1": [
        0.18014702200889587,
        0.36125677824020386,
        0.5042474075503971,
        0.6192868340898443,
        0.766249022063087,
        0.867678145567576
    ],
    "bin_mean_RMSE_model_2": [
        0.1917214457477842,
        0.38159794807434083,
        0.5198484451874442,
        0.6255416395487609,
        0.774170482859892,
        0.8797810773054758
    ],
    "bin_improvement": [
        -0.01157442373888834,
        -0.020341169834136974,
        -0.015601037637047122,
        -0.006254805458916546,
        -0.007921460796805002,
        -0.01210293173789978
    ],
    "bin_counts": [
        7,
        20,
        23,
        27,
        17,
        6
    ],
    "weighted_mean_improvement": -0.012228303998708723,
    "breakdown_distance_model_1": 4.1363181786750225,
    "breakdown_distance_model_2": 3.5321287230413665
}