{
    "variable_name": "h",
    "model_1_name": "DeepONet",
    "model_2_name": "PI-DeepONet",
    "slope_model_1": 0.10831953634749526,
    "intercept_model_1": -0.047609128376115785,
    "slope_model_2": 0.05192248393139602,
    "intercept_model_2": 0.047700675289438034,
    "slope_difference": 0.05639705241609924,
    "pearson_model_1": 0.9339234960456883,
    "pearson_model_2": 0.9148330950252374,
    "ratio_mean": 0.6500558620366219,
    "ratio_median": 0.6001014310769982,
    "ratio_std": 0.1795973706013144,
    "ratio_frac_less_than_one": 0.95,
    "bin_centers": [
        2.3967416200929827,
        3.6331450800416007,
        4.86954853999022,
        6.105951999938837,
        7.342355459887456,
        8.578758919836073
    ],
    "bin_mean_RMSE_model_1": [
        0.1774421866450991,
        0.354219239205122,
        0.4957072359064351,
        0.6103443624796691,
        0.754849069258746,
        0.8537770311037699
    ],
    "bin_mean_RMSE_model_2": [
        0.20404325212751115,
        0.23534158915281295,
        0.2948810717333918,
        0.3519682100525609,
        0.44263800628045025,
        0.5115303297837576
    ],
    "bin_improvement": [
        -0.026601065482412062,
        0.11887765005230905,
        0.20082616417304333,
        0.25837615242710815,
        0.3122110629782957,
        0.34224670132001234
    ],
    "bin_counts": [
        7,
        20,
        23,
        27,
        17,
        6
    ],
    "weighted_mean_improvement": 0.21147571712732316,
    "breakdown_distance_model_1": 4.6884138809252995,
    "breakdown_distance_model_2": 7.339352423790305
}