{
    "variable_name": "v",
    "model_1_name": "DeepONet",
    "model_2_name": "PI-DeepONet",
    "slope_model_1": 0.10052927158177676,
    "intercept_model_1": -0.052351217867001934,
    "slope_model_2": 0.09656379569788336,
    "intercept_model_2": -0.016026783560265708,
    "slope_difference": 0.003965475883893399,
    "pearson_model_1": 0.9348504800556078,
    "pearson_model_2": 0.9463924102183913,
    "ratio_mean": 1.0433761797263814,
    "ratio_median": 1.0330588281602564,
    "ratio_std": 0.060862553223924046,
    "ratio_frac_less_than_one": 0.25,
    "bin_centers": [
        2.3967416200929827,
        3.6331450800416007,
        4.86954853999022,
        6.105951999938837,
        7.342355459887456,
        8.578758919836073
    ],
    "bin_mean_RMSE_model_1": [
        0.18899287554833324,
        0.31409979931991056,
        0.4405361655857001,
        0.5606038365382853,
        0.6965691241546236,
        0.7891617647214736
    ],
    "bin_mean_RMSE_model_2": [
        0.20202873224907214,
        0.34096049185867483,
        0.46236089603094693,
        0.5670856474930481,
        0.7027305859696791,
        0.8000182178231029
    ],
    "bin_improvement": [
        -0.013035856700738896,
        -0.026860692538764275,
        -0.021824730445246854,
        -0.006481810954762857,
        -0.006161461815055502,
        -0.010856453101629304
    ],
    "bin_counts": [
        7,
        20,
        23,
        27,
        17,
        6
    ],
    "weighted_mean_improvement": -0.01475326113165452,
    "breakdown_distance_model_1": 4.99087833424101,
    "breakdown_distance_model_2": 4.6884138809252995
}