{
    "variable_name": "v",
    "model_1_name": "DeepONet",
    "model_2_name": "PI-DeepONet",
    "slope_model_1": 0.09699996035500782,
    "intercept_model_1": -0.053236733177043624,
    "slope_model_2": 0.08302987982820194,
    "intercept_model_2": 0.01763050127764541,
    "slope_difference": 0.013970080526805886,
    "pearson_model_1": 0.9286056305601512,
    "pearson_model_2": 0.9329864433274916,
    "ratio_mean": 1.0173736769812987,
    "ratio_median": 0.9789650810979162,
    "ratio_std": 0.1226756781757336,
    "ratio_frac_less_than_one": 0.6,
    "bin_centers": [
        2.3967416200929827,
        3.6331450800416007,
        4.86954853999022,
        6.105951999938837,
        7.342355459887456,
        8.578758919836073
    ],
    "bin_mean_RMSE_model_1": [
        0.18069866709455965,
        0.30005280628913955,
        0.4216278825596845,
        0.5389984020614296,
        0.6695837493765031,
        0.7570920122974328
    ],
    "bin_mean_RMSE_model_2": [
        0.20311863351097562,
        0.3271029890015166,
        0.42954261768102703,
        0.5147621401638217,
        0.6370305489839478,
        0.7262851106307168
    ],
    "bin_improvement": [
        -0.02241996641641597,
        -0.027050182712377024,
        -0.007914735121342553,
        0.024236261897607858,
        0.03255320039255527,
        0.03080690166671607
    ],
    "bin_counts": [
        7,
        20,
        23,
        27,
        17,
        6
    ],
    "weighted_mean_improvement": 0.005126425609558172,
    "breakdown_distance_model_1": 4.99087833424101,
    "breakdown_distance_model_2": 5.415047299429486
}