{
    "variable_name": "v",
    "model_1_name": "DeepONet",
    "model_2_name": "PI-DeepONet",
    "slope_model_1": 0.09699996035500782,
    "intercept_model_1": -0.053236733177043624,
    "slope_model_2": 0.09479266685678116,
    "intercept_model_2": 0.03736658079053699,
    "slope_difference": 0.0022072934982266673,
    "pearson_model_1": 0.9286056305601512,
    "pearson_model_2": 0.9379418959959425,
    "ratio_mean": 1.2044358565341862,
    "ratio_median": 1.1535685850863766,
    "ratio_std": 0.13925914729266375,
    "ratio_frac_less_than_one": 0.0,
    "bin_centers": [
        2.3967416200929827,
        3.6331450800416007,
        4.86954853999022,
        6.105951999938837,
        7.342355459887456,
        8.578758919836073
    ],
    "bin_mean_RMSE_model_1": [
        0.18069866709455965,
        0.30005280628913955,
        0.4216278825596845,
        0.5389984020614296,
        0.6695837493765031,
        0.7570920122974328
    ],
    "bin_mean_RMSE_model_2": [
        0.2537410142048614,
        0.3884142529548581,
        0.5072361103280071,
        0.6064009565158178,
        0.7441600828881443,
        0.8444985164566781
    ],
    "bin_improvement": [
        -0.07304234711030175,
        -0.08836144666571855,
        -0.08560822776832261,
        -0.06740255445438825,
        -0.07457633351164117,
        -0.08740650415924522
    ],
    "bin_counts": [
        7,
        20,
        23,
        27,
        17,
        6
    ],
    "weighted_mean_improvement": -0.07859620266679757,
    "breakdown_distance_model_1": 4.99087833424101,
    "breakdown_distance_model_2": 4.1363181786750225
}