{
    "variable_name": "u",
    "model_1_name": "DeepONet",
    "model_2_name": "PI-DeepONet",
    "slope_model_1": 0.10053085932093064,
    "intercept_model_1": 0.04355019615729565,
    "slope_model_2": 0.09669765112976625,
    "intercept_model_2": 0.0770141705971328,
    "slope_difference": 0.0038332081911643945,
    "pearson_model_1": 0.936150782966984,
    "pearson_model_2": 0.9364407676594539,
    "ratio_mean": 1.029326229769166,
    "ratio_median": 1.0191084239445702,
    "ratio_std": 0.05254089577095743,
    "ratio_frac_less_than_one": 0.32,
    "bin_centers": [
        2.3967416200929827,
        3.6331450800416007,
        4.86954853999022,
        6.105951999938837,
        7.342355459887456,
        8.578758919836073
    ],
    "bin_mean_RMSE_model_1": [
        0.26669203682068027,
        0.41376551361581315,
        0.542230991631481,
        0.6555792280244822,
        0.7905832422015504,
        0.88120178156513
    ],
    "bin_mean_RMSE_model_2": [
        0.28706958370436164,
        0.43677920756356975,
        0.5597769100559076,
        0.6577540448866276,
        0.7966990911721956,
        0.8965464557339642
    ],
    "bin_improvement": [
        -0.020377546883681374,
        -0.023013693947756597,
        -0.017545918424426543,
        -0.002174816862145379,
        -0.00611584897064521,
        -0.015344674168834227
    ],
    "bin_counts": [
        7,
        20,
        23,
        27,
        17,
        6
    ],
    "weighted_mean_improvement": -0.012612303636946112,
    "breakdown_distance_model_1": 4.1363181786750225,
    "breakdown_distance_model_2": 3.3414082028865013
}