{
    "variable_name": "v",
    "model_1_name": "DeepONet",
    "model_2_name": "PI-DeepONet",
    "slope_model_1": 0.09699996035500782,
    "intercept_model_1": -0.053236733177043624,
    "slope_model_2": 0.06588955289074774,
    "intercept_model_2": 0.023863811649413626,
    "slope_difference": 0.03111040746426008,
    "pearson_model_1": 0.9286056305601512,
    "pearson_model_2": 0.9231558601571784,
    "ratio_mean": 0.8336491121795363,
    "ratio_median": 0.7836522872951761,
    "ratio_std": 0.11048121899193007,
    "ratio_frac_less_than_one": 0.86,
    "bin_centers": [
        2.3967416200929827,
        3.6331450800416007,
        4.86954853999022,
        6.105951999938837,
        7.342355459887456,
        8.578758919836073
    ],
    "bin_mean_RMSE_model_1": [
        0.18069866709455965,
        0.30005280628913955,
        0.4216278825596845,
        0.5389984020614296,
        0.6695837493765031,
        0.7570920122974328
    ],
    "bin_mean_RMSE_model_2": [
        0.18682885827440673,
        0.2666423657683373,
        0.34693394094643293,
        0.4165874354507875,
        0.5180681124217057,
        0.5922436246949223
    ],
    "bin_improvement": [
        -0.006130191179847089,
        0.033410440520802276,
        0.07469394161325155,
        0.12241096661064205,
        0.15151563695479742,
        0.16484838760251053
    ],
    "bin_counts": [
        7,
        20,
        23,
        27,
        17,
        6
    ],
    "weighted_mean_improvement": 0.09213210381595856,
    "breakdown_distance_model_1": 4.99087833424101,
    "breakdown_distance_model_2": 6.284450705470225
}