{
    "variable_name": "u",
    "model_1_name": "DeepONet",
    "model_2_name": "PI-DeepONet",
    "slope_model_1": 0.10370397673259674,
    "intercept_model_1": 0.0395925512137959,
    "slope_model_2": 0.09837408143348161,
    "intercept_model_2": 0.046430709016874454,
    "slope_difference": 0.005329895299115123,
    "pearson_model_1": 0.9385611496534764,
    "pearson_model_2": 0.9396718932457284,
    "ratio_mean": 0.964547199618105,
    "ratio_median": 0.9598512830996238,
    "ratio_std": 0.028324460451445203,
    "ratio_frac_less_than_one": 0.87,
    "bin_centers": [
        2.3967416200929827,
        3.6331450800416007,
        4.86954853999022,
        6.105951999938837,
        7.342355459887456,
        8.578758919836073
    ],
    "bin_mean_RMSE_model_1": [
        0.2683321811244777,
        0.4217307468728542,
        0.5547228870197382,
        0.670627358611065,
        0.8098674444121827,
        0.9042184274731843
    ],
    "bin_mean_RMSE_model_2": [
        0.2527797751755783,
        0.4122739233957987,
        0.5387732233224086,
        0.6418368378794498,
        0.7764206555390004,
        0.8700974763228423
    ],
    "bin_improvement": [
        0.015552405948899395,
        0.00945682347705551,
        0.01594966369732953,
        0.028790520731615254,
        0.03344678887318231,
        0.03412095115034197
    ],
    "bin_counts": [
        7,
        20,
        23,
        27,
        17,
        6
    ],
    "weighted_mean_improvement": 0.022155107537217483,
    "breakdown_distance_model_1": 4.1363181786750225,
    "breakdown_distance_model_2": 4.1363181786750225
}