{
    "variable_name": "velocity_magnitude",
    "model_1_name": "DeepONet",
    "model_2_name": "PI-DeepONet",
    "slope_model_1": 0.14065591598391433,
    "intercept_model_1": -0.06003522015178235,
    "slope_model_2": 0.13463096099288455,
    "intercept_model_2": -0.016662510565631873,
    "slope_difference": 0.006024954991029785,
    "pearson_model_1": 0.9330734672921888,
    "pearson_model_2": 0.9446966693747816,
    "ratio_mean": 1.0259950278795626,
    "ratio_median": 1.016182302213417,
    "ratio_std": 0.05313009388435124,
    "ratio_frac_less_than_one": 0.37,
    "bin_centers": [
        2.3967416200929827,
        3.6331450800416007,
        4.86954853999022,
        6.105951999938837,
        7.342355459887456,
        8.578758919836073
    ],
    "bin_mean_RMSE_model_1": [
        0.2734306220497404,
        0.45318886190652846,
        0.6305192618266396,
        0.7988558477825589,
        0.9869058973648969,
        1.1139085094134014
    ],
    "bin_mean_RMSE_model_2": [
        0.2843445496899741,
        0.48072461485862733,
        0.6509372177331344,
        0.7986831952024389,
        0.9843903148875517,
        1.115666965643565
    ],
    "bin_improvement": [
        -0.01091392764023369,
        -0.02753575295209887,
        -0.020417955906494756,
        0.00017265258012000295,
        0.0025155824773451796,
        -0.0017584562301635742
    ],
    "bin_counts": [
        7,
        20,
        23,
        27,
        17,
        6
    ],
    "weighted_mean_improvement": -0.01059849753975866,
    "breakdown_distance_model_1": 3.4152573343229884,
    "breakdown_distance_model_2": 3.3414082028865013
}