{
    "variable_name": "h",
    "model_1_name": "DeepONet",
    "model_2_name": "PI-DeepONet",
    "slope_model_1": 0.10831953634749526,
    "intercept_model_1": -0.047609128376115785,
    "slope_model_2": 0.10222333562659347,
    "intercept_model_2": -0.02092547536197754,
    "slope_difference": 0.006096200720901793,
    "pearson_model_1": 0.9339234960456883,
    "pearson_model_2": 0.92866485475359,
    "ratio_mean": 0.9978285736228285,
    "ratio_median": 1.000005281341446,
    "ratio_std": 0.05641609813223784,
    "ratio_frac_less_than_one": 0.5,
    "bin_centers": [
        2.3967416200929827,
        3.6331450800416007,
        4.86954853999022,
        6.105951999938837,
        7.342355459887456,
        8.578758919836073
    ],
    "bin_mean_RMSE_model_1": [
        0.1774421866450991,
        0.354219239205122,
        0.4957072359064351,
        0.6103443624796691,
        0.754849069258746,
        0.8537770311037699
    ],
    "bin_mean_RMSE_model_2": [
        0.19044119545391627,
        0.36291981413960456,
        0.49301510142243427,
        0.5899548640957585,
        0.7389442990807926,
        0.8487770855426788
    ],
    "bin_improvement": [
        -0.012999008808817186,
        -0.008700574934482563,
        0.002692134484000852,
        0.020389498383910576,
        0.01590477017795333,
        0.004999945561091068
    ],
    "bin_counts": [
        7,
        20,
        23,
        27,
        17,
        6
    ],
    "weighted_mean_improvement": 0.0064781175553798665,
    "breakdown_distance_model_1": 4.6884138809252995,
    "breakdown_distance_model_2": 4.1363181786750225
}