{
    "variable_name": "h",
    "model_1_name": "DeepONet",
    "model_2_name": "PI-DeepONet",
    "slope_model_1": 0.11499155348320497,
    "intercept_model_1": -0.2939862889597379,
    "slope_model_2": 0.035950321728632904,
    "intercept_model_2": -0.07742062449859687,
    "slope_difference": 0.07904123175457206,
    "pearson_model_1": 0.9153901698261343,
    "pearson_model_2": 0.8892242805734265,
    "ratio_mean": 0.45450528700826803,
    "ratio_median": 0.36012173258681435,
    "ratio_std": 0.3562434533445415,
    "ratio_frac_less_than_one": 0.95,
    "bin_centers": [
        2.3967416200929827,
        3.6331450800416007,
        4.86954853999022,
        6.105951999938837,
        7.342355459887456,
        8.578758919836073
    ],
    "bin_mean_MSE_model_1": [
        0.03321536018380097,
        0.12965796645730734,
        0.2533323502411013,
        0.38277285794417065,
        0.5757488888852736,
        0.7298203110694885
    ],
    "bin_mean_MSE_model_2": [
        0.041646088872637065,
        0.05599685721099377,
        0.0885654065919959,
        0.1266634080696989,
        0.19841358153259053,
        0.2620974654952685
    ],
    "bin_improvement": [
        -0.008430728688836098,
        0.07366110924631358,
        0.16476694364910538,
        0.25610944987447176,
        0.3773353073526831,
        0.46772284557422
    ],
    "bin_counts": [
        7,
        20,
        23,
        27,
        17,
        6
    ],
    "weighted_mean_improvement": 0.21339839233085514,
    "breakdown_distance_model_1": 6.284450705470225,
    "breakdown_distance_model_2": null
}