{
    "variable_name": "velocity_magnitude",
    "model_1_name": "DeepONet",
    "model_2_name": "PI-DeepONet",
    "slope_model_1": 0.18367573413295127,
    "intercept_model_1": -0.47590060552697333,
    "slope_model_2": 0.10625459729771204,
    "intercept_model_2": -0.2471377541096577,
    "slope_difference": 0.07742113683523923,
    "pearson_model_1": 0.9032455927542357,
    "pearson_model_2": 0.9055451334580722,
    "ratio_mean": 0.6898195208079005,
    "ratio_median": 0.6225384650896193,
    "ratio_std": 0.15901108772522388,
    "ratio_frac_less_than_one": 0.93,
    "bin_centers": [
        2.3967416200929827,
        3.6331450800416007,
        4.86954853999022,
        6.105951999938837,
        7.342355459887456,
        8.578758919836073
    ],
    "bin_mean_MSE_model_1": [
        0.0731870031782559,
        0.19486237615346907,
        0.38361904802529706,
        0.6157570128087644,
        0.9157600472955143,
        1.1497799555460613
    ],
    "bin_mean_MSE_model_2": [
        0.06454911934477943,
        0.14791409410536288,
        0.2546406213356101,
        0.3701473816677376,
        0.5597796597901512,
        0.7181517680486044
    ],
    "bin_improvement": [
        0.008637883833476467,
        0.046948282048106194,
        0.12897842668968695,
        0.2456096311410268,
        0.3559803875053631,
        0.4316281874974569
    ],
    "bin_counts": [
        7,
        20,
        23,
        27,
        17,
        6
    ],
    "weighted_mean_improvement": 0.19238830395042897,
    "breakdown_distance_model_1": 4.99087833424101,
    "breakdown_distance_model_2": 6.284450705470225
}