{
    "variable_name": "v",
    "model_1_name": "DeepONet",
    "model_2_name": "PI-DeepONet",
    "slope_model_1": 0.09206146675051971,
    "intercept_model_1": -0.24474559018418868,
    "slope_model_2": 0.05120488042703936,
    "intercept_model_2": -0.11793838409300236,
    "slope_difference": 0.04085658632348035,
    "pearson_model_1": 0.903072191602876,
    "pearson_model_2": 0.9004712214890785,
    "ratio_mean": 0.7070548809901724,
    "ratio_median": 0.6141111677937331,
    "ratio_std": 0.20083215441338967,
    "ratio_frac_less_than_one": 0.86,
    "bin_centers": [
        2.3967416200929827,
        3.6331450800416007,
        4.86954853999022,
        6.105951999938837,
        7.342355459887456,
        8.578758919836073
    ],
    "bin_mean_MSE_model_1": [
        0.03367313132163532,
        0.09170658413448055,
        0.18498727366489218,
        0.3010056598998623,
        0.4534897150842259,
        0.5739153592992626
    ],
    "bin_mean_MSE_model_2": [
        0.03507496071902048,
        0.07291598233967314,
        0.12285265042026917,
        0.17802543521090544,
        0.27157635670884306,
        0.3512274905060265
    ],
    "bin_improvement": [
        -0.0014018293973851598,
        0.018790601794807404,
        0.062134623244623,
        0.12298022468895684,
        0.18191335837538286,
        0.22268786879323615
    ],
    "bin_counts": [
        7,
        20,
        23,
        27,
        17,
        6
    ],
    "weighted_mean_improvement": 0.09544215936483541,
    "breakdown_distance_model_1": 6.503062326507271,
    "breakdown_distance_model_2": null
}