{
    "variable_name": "h",
    "model_1_name": "DeepONet",
    "model_2_name": "PI-DeepONet",
    "slope_model_1": 0.10831953634749526,
    "intercept_model_1": -0.047609128376115785,
    "slope_model_2": 0.09527393047406782,
    "intercept_model_2": -0.005153890068801685,
    "slope_difference": 0.013045605873427443,
    "pearson_model_1": 0.9339234960456883,
    "pearson_model_2": 0.9210820134152584,
    "ratio_mean": 0.9601448416373515,
    "ratio_median": 0.9627467126396797,
    "ratio_std": 0.07249952349878093,
    "ratio_frac_less_than_one": 0.7,
    "bin_centers": [
        2.3967416200929827,
        3.6331450800416007,
        4.86954853999022,
        6.105951999938837,
        7.342355459887456,
        8.578758919836073
    ],
    "bin_mean_RMSE_model_1": [
        0.1774421866450991,
        0.354219239205122,
        0.4957072359064351,
        0.6103443624796691,
        0.754849069258746,
        0.8537770311037699
    ],
    "bin_mean_RMSE_model_2": [
        0.18400339356490544,
        0.3556464873254299,
        0.47513115406036377,
        0.5625600461606626,
        0.7029889997314004,
        0.8070474565029144
    ],
    "bin_improvement": [
        -0.006561206919806356,
        -0.0014272481203079224,
        0.020576081846071348,
        0.04778431631900648,
        0.051860069527345565,
        0.04672957460085547
    ],
    "bin_counts": [
        7,
        20,
        23,
        27,
        17,
        6
    ],
    "weighted_mean_improvement": 0.028509516417980205,
    "breakdown_distance_model_1": 4.6884138809252995,
    "breakdown_distance_model_2": 4.1363181786750225
}