{
    "variable_name": "u",
    "model_1_name": "DeepONet",
    "model_2_name": "PI-DeepONet",
    "slope_model_1": 0.10053085932093064,
    "intercept_model_1": 0.04355019615729565,
    "slope_model_2": 0.08990538845819725,
    "intercept_model_2": 0.09393435396419361,
    "slope_difference": 0.010625470862733397,
    "pearson_model_1": 0.936150782966984,
    "pearson_model_2": 0.9309696391829785,
    "ratio_mean": 0.999045816467897,
    "ratio_median": 0.9883491097610583,
    "ratio_std": 0.0706356651808619,
    "ratio_frac_less_than_one": 0.6,
    "bin_centers": [
        2.3967416200929827,
        3.6331450800416007,
        4.86954853999022,
        6.105951999938837,
        7.342355459887456,
        8.578758919836073
    ],
    "bin_mean_RMSE_model_1": [
        0.26669203682068027,
        0.41376551361581315,
        0.542230991631481,
        0.6555792280244822,
        0.7905832422015504,
        0.88120178156513
    ],
    "bin_mean_RMSE_model_2": [
        0.2810716591167742,
        0.43155021731935567,
        0.544336561305728,
        0.6320407789902547,
        0.7629056887504878,
        0.8578199098465741
    ],
    "bin_improvement": [
        -0.014379622296093908,
        -0.017784703703542515,
        -0.002105569674247021,
        0.023538449034227527,
        0.027677553451062598,
        0.02338187171855588
    ],
    "bin_counts": [
        7,
        20,
        23,
        27,
        17,
        6
    ],
    "weighted_mean_improvement": 0.0074156823025235356,
    "breakdown_distance_model_1": 4.1363181786750225,
    "breakdown_distance_model_2": 3.3414082028865013
}