{
    "all_DeepONet_branch_trunk_outputs_stats": {
        "normalization_method": {
            "branch_inputs": "z-score",
            "trunk_inputs": "min-max",
            "outputs": "z-score",
            "static_fields": "z-score"
        },
        "branch_inputs": {
            "min": [
                0.10024124383926392
            ],
            "max": [
                1.9996355772018433
            ],
            "mean": [
                1.0500142955183982
            ],
            "std": [
                0.5484968045188625
            ]
        },
        "trunk_inputs": {
            "min": [
                0.5,
                0.5
            ],
            "max": [
                14.5,
                4.5
            ],
            "mean": [
                7.5,
                2.5
            ],
            "std": [
                4.320493798938574,
                1.4142135623730951
            ]
        },
        "outputs": {
            "min": [
                0.0,
                -0.09831895679235458,
                -0.15350666642189026
            ],
            "max": [
                1.3227800130844116,
                0.3460366129875183,
                0.20371243357658386
            ],
            "mean": [
                0.805966792219185,
                0.24168236221999886,
                0.0025829512045575666
            ],
            "std": [
                0.3179917938977539,
                0.05739045143726703,
                0.016218980522844158
            ]
        }
    },
    "all_points_stats": {
        "x_min": 0.5,
        "x_max": 14.5,
        "x_mean": 7.5,
        "x_std": 4.320493798938574,
        "y_min": 0.5,
        "y_max": 4.5,
        "y_mean": 2.5,
        "y_std": 1.4142135623730951,
        "t_min": 0.0,
        "t_max": 0.0,
        "t_mean": 0.0,
        "t_std": 0.0
    },
    "all_data_stats": {
        "h_min": 0.0,
        "h_max": 1.3227800130844116,
        "h_mean": 0.805966792219185,
        "h_std": 0.3179917938977515,
        "u_min": -0.09831895679235458,
        "u_max": 0.3460366129875183,
        "u_mean": 0.24168236221999886,
        "u_std": 0.05739045143726669,
        "v_min": -0.15350666642189026,
        "v_max": 0.20371243357658386,
        "v_mean": 0.0025829512045575666,
        "v_std": 0.016218980522844033,
        "Umag_min": 0.0,
        "Umag_max": 0.3462353396519656,
        "Umag_mean": 0.24272318711518018,
        "Umag_std": 0.05531012138105244
    }
}