{
    "diff_h_mse_list": [
        0.0018333109328523278,
        0.002499365946277976,
        0.0037130028940737247,
        0.005174920428544283,
        0.006788501515984535,
        0.008538815192878246,
        0.010366829112172127,
        0.012231609784066677,
        0.014041095040738583,
        0.015750423073768616
    ],
    "diff_u_mse_list": [
        6.876731898350388e-05,
        6.467044763329003e-05,
        6.444663032791688e-05,
        7.177904212671625e-05,
        9.09497023175551e-05,
        0.0001232618300581124,
        0.0001740962883521802,
        0.00024801099015361823,
        0.0003507586772497697,
        0.00048778204276638047
    ],
    "diff_v_mse_list": [
        1.3250721141004447e-05,
        1.1745044495887825e-05,
        1.0446768031982232e-05,
        9.457565795490542e-06,
        8.813427704415206e-06,
        8.497236303631514e-06,
        8.481098216032664e-06,
        8.734605381643987e-06,
        9.2359715699004e-06,
        9.967682791654015e-06
    ],
    "diff_velocity_magnitude_mse_list": [
        6.929274240974337e-05,
        6.50532019790262e-05,
        6.470188236562535e-05,
        7.192603516159579e-05,
        9.102419426199049e-05,
        0.00012330591562204063,
        0.00017415407637599856,
        0.0002481243573129177,
        0.00035097781801596284,
        0.00048815523041412234
    ]
}