{
    "mean_branch_inputs": [
        265.8069104003906,
        29.174130868911742,
        137.73853355407715,
        75.76771987915039,
        7.50953491449356,
        34.5266700553894,
        9.011175436973572
    ],
    "std_branch_inputs": [
        76.35846393880591,
        8.387591336952497,
        35.91183804849052,
        21.072123949142,
        2.231204599532313,
        10.572019892616654,
        2.5456364058852814
    ],
    "mean_trunk_inputs": [
        15786.722061170223,
        -8958.492232188728
    ],
    "std_trunk_inputs": [
        10240.571041626705,
        17161.109624038774
    ],
    "mean_outputs": [
        2.7132812476449235,
        0.10649422739293801,
        -0.24784134180774883
    ],
    "std_outputs": [
        2.6552009889033035,
        0.41051897116112335,
        0.3910265543673949
    ]
}