{
    "variable_name": "u",
    "model_1_name": "DeepONet",
    "model_2_name": "PI_DeepONet_2",
    "slope_model_1": 0.08234670670963994,
    "intercept_model_1": 0.05107694489183592,
    "slope_model_2": 0.02718667589707786,
    "intercept_model_2": 0.2020321386884798,
    "slope_difference": 0.05516003081256207,
    "pearson_model_1": 0.9244430567969142,
    "pearson_model_2": 0.8656983969547584,
    "ratio_mean": 0.7428938787212108,
    "ratio_median": 0.7246170648814434,
    "ratio_std": 0.14988373180149464,
    "ratio_frac_less_than_one": 0.94,
    "bin_centers": [
        2.3967416200929827,
        3.6331450800416007,
        4.86954853999022,
        6.105951999938837,
        7.342355459887456,
        8.578758919836073
    ],
    "bin_mean_RMSE_model_1": [
        0.23541480017131886,
        0.35421958392272906,
        0.45882534008903625,
        0.5522077989593145,
        0.6636649404536697,
        0.737500203860925
    ],
    "bin_mean_RMSE_model_2": [
        0.24754502457414926,
        0.3075286034237519,
        0.34180790968068214,
        0.3616624583128053,
        0.4039276391681594,
        0.43590730854454035
    ],
    "bin_improvement": [
        -0.012130224402830403,
        0.046690980498977186,
        0.1170174304083541,
        0.1905453406465092,
        0.25973730128551037,
        0.3015928953163846
    ],
    "bin_counts": [
        7,
        20,
        23,
        27,
        17,
        6
    ],
    "weighted_mean_improvement": 0.14910124629759608,
    "breakdown_distance_model_1": 4.99087833424101,
    "breakdown_distance_model_2": null
}