{
    "variable_name": "h",
    "model_1_name": "DeepONet",
    "model_2_name": "PI_DeepONet_2",
    "slope_model_1": 0.09472766979723929,
    "intercept_model_1": -0.010235967616256603,
    "slope_model_2": 0.0800276030456448,
    "intercept_model_2": 0.054030188386492636,
    "slope_difference": 0.014700066751594493,
    "pearson_model_1": 0.932384784138989,
    "pearson_model_2": 0.9257748975271872,
    "ratio_mean": 0.9952931098801304,
    "ratio_median": 0.9928084778292454,
    "ratio_std": 0.10859912682426671,
    "ratio_frac_less_than_one": 0.6,
    "bin_centers": [
        2.3967416200929827,
        3.6331450800416007,
        4.86954853999022,
        6.105951999938837,
        7.342355459887456,
        8.578758919836073
    ],
    "bin_mean_RMSE_model_1": [
        0.18270686907427652,
        0.34418309256434443,
        0.4656291344891424,
        0.5610728572916102,
        0.6926467839409324,
        0.7849644919236501
    ],
    "bin_mean_RMSE_model_2": [
        0.23117164628846304,
        0.35572600215673444,
        0.45218004091926245,
        0.5260700152979957,
        0.6525711557444405,
        0.750920444726944
    ],
    "bin_improvement": [
        -0.048464777214186516,
        -0.011542909592390016,
        0.013449093569879944,
        0.035002841993614475,
        0.04007562819649191,
        0.03404404719670617
    ],
    "bin_counts": [
        7,
        20,
        23,
        27,
        17,
        6
    ],
    "weighted_mean_improvement": 0.015698442161083234,
    "breakdown_distance_model_1": 4.6884138809252995,
    "breakdown_distance_model_2": 4.6884138809252995
}