{
    "variable_name": "velocity_magnitude",
    "model_1_name": "DeepONet",
    "model_2_name": "PI_DeepONet_1",
    "slope_model_1": 0.10918344038084474,
    "intercept_model_1": -0.03337162310123615,
    "slope_model_2": 0.0324869905541619,
    "intercept_model_2": 0.14448346933025302,
    "slope_difference": 0.07669644982668283,
    "pearson_model_1": 0.9022826321808166,
    "pearson_model_2": 0.8521063956454705,
    "ratio_mean": 0.6199186001556555,
    "ratio_median": 0.5958109088545811,
    "ratio_std": 0.1473916331475795,
    "ratio_frac_less_than_one": 1.0,
    "bin_centers": [
        2.3967416200929827,
        3.6331450800416007,
        4.86954853999022,
        6.105951999938837,
        7.342355459887456,
        8.578758919836073
    ],
    "bin_mean_RMSE_model_1": [
        0.23415928653308324,
        0.3626102015376091,
        0.49890801310539246,
        0.6362789063541977,
        0.7804730569615084,
        0.8736761808395386
    ],
    "bin_mean_RMSE_model_2": [
        0.20126143949372427,
        0.2693966366350651,
        0.31137390434741974,
        0.3357955018679301,
        0.38615085272228017,
        0.4218386809031169
    ],
    "bin_improvement": [
        0.03289784703935897,
        0.09321356490254401,
        0.18753410875797272,
        0.3004834044862676,
        0.3943222042392282,
        0.4518374999364217
    ],
    "bin_counts": [
        7,
        20,
        23,
        27,
        17,
        6
    ],
    "weighted_mean_improvement": 0.23935395121574402,
    "breakdown_distance_model_1": 4.6884138809252995,
    "breakdown_distance_model_2": null
}