{
    "variable_name": "v",
    "model_1_name": "DeepONet",
    "model_2_name": "PI_DeepONet_3",
    "slope_model_1": 0.07803749102294127,
    "intercept_model_1": -0.03507440144870452,
    "slope_model_2": 0.021115591477136254,
    "intercept_model_2": 0.14663181259938507,
    "slope_difference": 0.056921899545805024,
    "pearson_model_1": 0.8997217503942714,
    "pearson_model_2": 0.7588082307074097,
    "ratio_mean": 0.7354841993073784,
    "ratio_median": 0.6966472959580894,
    "ratio_std": 0.18844438733015603,
    "ratio_frac_less_than_one": 0.91,
    "bin_centers": [
        2.3967416200929827,
        3.6331450800416007,
        4.86954853999022,
        6.105951999938837,
        7.342355459887456,
        8.578758919836073
    ],
    "bin_mean_RMSE_model_1": [
        0.16122682179312092,
        0.24731217399319147,
        0.34385575010597,
        0.4427607510096309,
        0.5475939612150053,
        0.6159675302084205
    ],
    "bin_mean_RMSE_model_2": [
        0.18797683503503457,
        0.2225614000573423,
        0.25391359942285274,
        0.2801875262070568,
        0.3013348974480013,
        0.30911451933039036
    ],
    "bin_improvement": [
        -0.026750013241913645,
        0.02475077393584918,
        0.08994215068311728,
        0.16257322480257413,
        0.24625906376700396,
        0.3068530108780302
    ],
    "bin_counts": [
        7,
        20,
        23,
        27,
        17,
        6
    ],
    "weighted_mean_improvement": 0.12793434070712037,
    "breakdown_distance_model_1": 5.545874084954367,
    "breakdown_distance_model_2": null
}