{
    "variable_name": "v",
    "model_1_name": "DeepONet",
    "model_2_name": "PI-DeepONet",
    "slope_model_1": 0.08740414168847636,
    "intercept_model_1": -0.04570902106742946,
    "slope_model_2": 0.0730960059432404,
    "intercept_model_2": 0.011761002559774605,
    "slope_difference": 0.01430813574523597,
    "pearson_model_1": 0.9089866734318743,
    "pearson_model_2": 0.9444255454027194,
    "ratio_mean": 0.978908964406863,
    "ratio_median": 0.9715412862224282,
    "ratio_std": 0.09249582683958084,
    "ratio_frac_less_than_one": 0.58,
    "bin_centers": [
        2.3967416200929827,
        3.6331450800416007,
        4.86954853999022,
        6.105951999938837,
        7.342355459887456,
        8.578758919836073
    ],
    "bin_mean_RMSE_model_1": [
        0.1710325000705332,
        0.2701730000690914,
        0.3797058676875004,
        0.49125606261030486,
        0.6060200945944605,
        0.6790891048839985
    ],
    "bin_mean_RMSE_model_2": [
        0.18140143678626705,
        0.2806202780714125,
        0.3730058312037902,
        0.4534656119273322,
        0.5561421941912554,
        0.6298528003950171
    ],
    "bin_improvement": [
        -0.010368936715733856,
        -0.010447278002321092,
        0.006700036483710203,
        0.037790450682972654,
        0.049877900403205055,
        0.04923630448898142
    ],
    "bin_counts": [
        7,
        20,
        23,
        27,
        17,
        6
    ],
    "weighted_mean_improvement": 0.02036257024297412,
    "breakdown_distance_model_1": 4.99087833424101,
    "breakdown_distance_model_2": 5.791345624432921
}