{
    "variable_name": "velocity_magnitude",
    "model_1_name": "DeepONet",
    "model_2_name": "PI_DeepONet_1",
    "slope_model_1": 0.11823542629335894,
    "intercept_model_1": -0.030861234306401003,
    "slope_model_2": 0.03480695145539676,
    "intercept_model_2": 0.11432769703521355,
    "slope_difference": 0.08342847483796217,
    "pearson_model_1": 0.917473735431982,
    "pearson_model_2": 0.8553862506226897,
    "ratio_mean": 0.5300262854294508,
    "ratio_median": 0.49840917455466616,
    "ratio_std": 0.11978801364011572,
    "ratio_frac_less_than_one": 1.0,
    "bin_centers": [
        2.3967416200929827,
        3.6331450800416007,
        4.86954853999022,
        6.105951999938837,
        7.342355459887456,
        8.578758919836073
    ],
    "bin_mean_RMSE_model_1": [
        0.2527062062706266,
        0.39933794289827346,
        0.5475012802559397,
        0.6939916378921933,
        0.8494620743919822,
        0.9506765007972717
    ],
    "bin_mean_RMSE_model_2": [
        0.17652381105082376,
        0.2479085199534893,
        0.29285250928090967,
        0.3190973776358145,
        0.3733588124022764,
        0.4124476710955302
    ],
    "bin_improvement": [
        0.07618239521980286,
        0.15142942294478415,
        0.25464877097503,
        0.3748942602563788,
        0.47610326198970576,
        0.5382288297017415
    ],
    "bin_counts": [
        7,
        20,
        23,
        27,
        17,
        6
    ],
    "weighted_mean_improvement": 0.3086406041681766,
    "breakdown_distance_model_1": 4.139584159519636,
    "breakdown_distance_model_2": null
}