{
    "variable_name": "u",
    "model_1_name": "DeepONet",
    "model_2_name": "PI_DeepONet_1",
    "slope_model_1": 0.0878335115506495,
    "intercept_model_1": 0.056456808386304534,
    "slope_model_2": 0.024390548332054306,
    "intercept_model_2": 0.1278973790847317,
    "slope_difference": 0.06344296321859519,
    "pearson_model_1": 0.9319937687828778,
    "pearson_model_2": 0.8350117137822911,
    "ratio_mean": 0.5116311564325197,
    "ratio_median": 0.4958126887265226,
    "ratio_std": 0.09653100822304077,
    "ratio_frac_less_than_one": 1.0,
    "bin_centers": [
        2.3967416200929827,
        3.6331450800416007,
        4.86954853999022,
        6.105951999938837,
        7.342355459887456,
        8.578758919836073
    ],
    "bin_mean_RMSE_model_1": [
        0.24978851764775825,
        0.3803685648434364,
        0.4923979538679364,
        0.5912596865999554,
        0.70914032190686,
        0.7874034450028806
    ],
    "bin_mean_RMSE_model_2": [
        0.17328185952420977,
        0.22257216741238373,
        0.25242976505061293,
        0.2686340594053949,
        0.31029240715484147,
        0.34319667107077434
    ],
    "bin_improvement": [
        0.07650665812354848,
        0.15779639743105267,
        0.23996818881732346,
        0.3226256271945605,
        0.3988479147520186,
        0.4442067739321063
    ],
    "bin_counts": [
        7,
        20,
        23,
        27,
        17,
        6
    ],
    "weighted_mean_improvement": 0.2736729002691442,
    "breakdown_distance_model_1": 4.6884138809252995,
    "breakdown_distance_model_2": null
}