{
    "variable_name": "h",
    "model_1_name": "DeepONet",
    "model_2_name": "PI_DeepONet_2",
    "slope_model_1": 0.09891711334242063,
    "intercept_model_1": -0.01858856912587683,
    "slope_model_2": 0.0791577032594058,
    "intercept_model_2": -0.02866534473155206,
    "slope_difference": 0.019759410083014836,
    "pearson_model_1": 0.9334440824406494,
    "pearson_model_2": 0.9092506674006223,
    "ratio_mean": 0.7723726213947265,
    "ratio_median": 0.7961038793349775,
    "ratio_std": 0.07127587537671246,
    "ratio_frac_less_than_one": 1.0,
    "bin_centers": [
        2.3967416200929827,
        3.6331450800416007,
        4.86954853999022,
        6.105951999938837,
        7.342355459887456,
        8.578758919836073
    ],
    "bin_mean_RMSE_model_1": [
        0.18240055654730117,
        0.34993765950202943,
        0.4789669202721637,
        0.5807942383819156,
        0.7142218140994802,
        0.8057512938976288
    ],
    "bin_mean_RMSE_model_2": [
        0.14129531596388137,
        0.2719991058111191,
        0.3669632783402567,
        0.43536669567779257,
        0.5635598617441514,
        0.6647675931453705
    ],
    "bin_improvement": [
        0.0411052405834198,
        0.07793855369091035,
        0.11200364193190698,
        0.145427542704123,
        0.15066195235532875,
        0.1409837007522583
    ],
    "bin_counts": [
        7,
        20,
        23,
        27,
        17,
        6
    ],
    "weighted_mean_improvement": 0.11756290569901466,
    "breakdown_distance_model_1": 4.6884138809252995,
    "breakdown_distance_model_2": 5.73878804776199
}