{
    "variable_name": "h",
    "model_1_name": "DeepONet",
    "model_2_name": "PI_DeepONet_1",
    "slope_model_1": 0.09891711334242063,
    "intercept_model_1": -0.01858856912587683,
    "slope_model_2": 0.08152461687131722,
    "intercept_model_2": -0.02935122864214757,
    "slope_difference": 0.017392496471103414,
    "pearson_model_1": 0.9334440824406494,
    "pearson_model_2": 0.9053080961796647,
    "ratio_mean": 0.7946541786060635,
    "ratio_median": 0.8140655563137795,
    "ratio_std": 0.07651060799134754,
    "ratio_frac_less_than_one": 1.0,
    "bin_centers": [
        2.3967416200929827,
        3.6331450800416007,
        4.86954853999022,
        6.105951999938837,
        7.342355459887456,
        8.578758919836073
    ],
    "bin_mean_RMSE_model_1": [
        0.18240055654730117,
        0.34993765950202943,
        0.4789669202721637,
        0.5807942383819156,
        0.7142218140994802,
        0.8057512938976288
    ],
    "bin_mean_RMSE_model_2": [
        0.14181704925639288,
        0.2808435782790184,
        0.3793834668138753,
        0.4487499506385238,
        0.580033589811886,
        0.68332506219546
    ],
    "bin_improvement": [
        0.04058350729090829,
        0.06909408122301103,
        0.0995834534582884,
        0.13204428774339177,
        0.13418822428759414,
        0.12242623170216882
    ],
    "bin_counts": [
        7,
        20,
        23,
        27,
        17,
        6
    ],
    "weighted_mean_improvement": 0.10537338577210903,
    "breakdown_distance_model_1": 4.6884138809252995,
    "breakdown_distance_model_2": 5.46976901015456
}