{
    "variable_name": "velocity_magnitude",
    "model_1_name": "DeepONet",
    "model_2_name": "PI_DeepONet_3",
    "slope_model_1": 0.10918344038084474,
    "intercept_model_1": -0.03337162310123615,
    "slope_model_2": 0.03675120295156073,
    "intercept_model_2": 0.1736626143606698,
    "slope_difference": 0.07243223742928401,
    "pearson_model_1": 0.9022826321808166,
    "pearson_model_2": 0.828140059777868,
    "ratio_mean": 0.7164248271120615,
    "ratio_median": 0.6762973312608287,
    "ratio_std": 0.1502843411257717,
    "ratio_frac_less_than_one": 0.95,
    "bin_centers": [
        2.3967416200929827,
        3.6331450800416007,
        4.86954853999022,
        6.105951999938837,
        7.342355459887456,
        8.578758919836073
    ],
    "bin_mean_RMSE_model_1": [
        0.23415928653308324,
        0.3626102015376091,
        0.49890801310539246,
        0.6362789063541977,
        0.7804730569615084,
        0.8736761808395386
    ],
    "bin_mean_RMSE_model_2": [
        0.24471886456012726,
        0.3073696419596672,
        0.3609724848166756,
        0.40285300215085346,
        0.4433651601566988,
        0.463490625222524
    ],
    "bin_improvement": [
        -0.01055957802704402,
        0.05524055957794188,
        0.13793552828871686,
        0.23342590420334425,
        0.33710789680480957,
        0.4101855556170146
    ],
    "bin_counts": [
        7,
        20,
        23,
        27,
        17,
        6
    ],
    "weighted_mean_improvement": 0.18697858288884162,
    "breakdown_distance_model_1": 4.6884138809252995,
    "breakdown_distance_model_2": 6.3086943725207245
}