{
    "variable_name": "v",
    "model_1_name": "DeepONet",
    "model_2_name": "PI_DeepONet_3",
    "slope_model_1": 0.08394018821545121,
    "intercept_model_1": -0.03394733725486117,
    "slope_model_2": 0.01822022272617817,
    "intercept_model_2": 0.11592919166881768,
    "slope_difference": 0.06571996548927304,
    "pearson_model_1": 0.9163592329683793,
    "pearson_model_2": 0.8222710916282857,
    "ratio_mean": 0.5594685885287362,
    "ratio_median": 0.5077744555533563,
    "ratio_std": 0.15774512475928115,
    "ratio_frac_less_than_one": 1.0,
    "bin_centers": [
        2.3967416200929827,
        3.6331450800416007,
        4.86954853999022,
        6.105951999938837,
        7.342355459887456,
        8.578758919836073
    ],
    "bin_mean_RMSE_model_1": [
        0.17224393900747964,
        0.2706731600469835,
        0.3752205604677419,
        0.48025691856293534,
        0.5918106330875069,
        0.6649362614106022
    ],
    "bin_mean_RMSE_model_2": [
        0.14849001048761185,
        0.18590546069169778,
        0.20947766464628367,
        0.22284174175628987,
        0.25186256901654985,
        0.27172290013000305
    ],
    "bin_improvement": [
        0.023753928519867795,
        0.08476769935528572,
        0.1657428958214582,
        0.2574151768066455,
        0.33994806407095707,
        0.3932133612805992
    ],
    "bin_counts": [
        7,
        20,
        23,
        27,
        17,
        6
    ],
    "weighted_mean_improvement": 0.20762325121307618,
    "breakdown_distance_model_1": 5.092195034616789,
    "breakdown_distance_model_2": null
}