{
    "variable_name": "velocity_magnitude",
    "model_1_name": "DeepONet",
    "model_2_name": "PI-DeepONet",
    "slope_model_1": 0.12226427310537315,
    "intercept_model_1": -0.055317022488715784,
    "slope_model_2": 0.10242565308488255,
    "intercept_model_2": 0.006914041690896456,
    "slope_difference": 0.019838620020490597,
    "pearson_model_1": 0.9091442019536367,
    "pearson_model_2": 0.9436879205134876,
    "ratio_mean": 0.9449361556825276,
    "ratio_median": 0.9435125478306068,
    "ratio_std": 0.07248535847139556,
    "ratio_frac_less_than_one": 0.7,
    "bin_centers": [
        2.3967416200929827,
        3.6331450800416007,
        4.86954853999022,
        6.105951999938837,
        7.342355459887456,
        8.578758919836073
    ],
    "bin_mean_RMSE_model_1": [
        0.24175260535308293,
        0.38734830766916273,
        0.5416813557562621,
        0.6965643609011615,
        0.8552352014709922,
        0.9554648598035177
    ],
    "bin_mean_RMSE_model_2": [
        0.2427119995866503,
        0.3828955560922623,
        0.5134446828261666,
        0.6284597383605109,
        0.7687239436542287,
        0.8675822218259176
    ],
    "bin_improvement": [
        -0.0009593942335673622,
        0.004452751576900449,
        0.028236672930095463,
        0.06810462254065053,
        0.0865112578167635,
        0.0878826379776001
    ],
    "bin_counts": [
        7,
        20,
        23,
        27,
        17,
        6
    ],
    "weighted_mean_improvement": 0.045685947686433775,
    "breakdown_distance_model_1": 4.139584159519636,
    "breakdown_distance_model_2": 4.358568440759026
}