{
    "variable_name": "h",
    "model_1_name": "DeepONet",
    "model_2_name": "PI-DeepONet",
    "slope_model_1": 0.0987531089326215,
    "intercept_model_1": -0.023952277039059174,
    "slope_model_2": 0.0551373082053853,
    "intercept_model_2": 0.06601095022989262,
    "slope_difference": 0.0436158007272362,
    "pearson_model_1": 0.9301669424484957,
    "pearson_model_2": 0.9140338144100714,
    "ratio_mean": 0.7460094701002591,
    "ratio_median": 0.7306373426384831,
    "ratio_std": 0.12245102127674443,
    "ratio_frac_less_than_one": 0.96,
    "bin_centers": [
        2.3967416200929827,
        3.6331450800416007,
        4.86954853999022,
        6.105951999938837,
        7.342355459887456,
        8.578758919836073
    ],
    "bin_mean_RMSE_model_1": [
        0.1767634472676686,
        0.34288923293352125,
        0.47321825182956195,
        0.5757421553134918,
        0.7073687595479629,
        0.7957464357217153
    ],
    "bin_mean_RMSE_model_2": [
        0.18520222391401017,
        0.274858096987009,
        0.3415052307688672,
        0.3899730708864,
        0.47832407670862537,
        0.5475664138793945
    ],
    "bin_improvement": [
        -0.008438776646341573,
        0.06803113594651222,
        0.13171302106069477,
        0.18576908442709184,
        0.2290446828393375,
        0.2481800218423208
    ],
    "bin_counts": [
        7,
        20,
        23,
        27,
        17,
        6
    ],
    "weighted_mean_improvement": 0.14729555785655976,
    "breakdown_distance_model_1": 4.6884138809252995,
    "breakdown_distance_model_2": 7.097664625936776
}