{
    "variable_name": "h",
    "model_1_name": "DeepONet",
    "model_2_name": "PI_DeepONet_1",
    "slope_model_1": 0.09472766979723929,
    "intercept_model_1": -0.010235967616256603,
    "slope_model_2": 0.07169122817617862,
    "intercept_model_2": -0.008590947662873733,
    "slope_difference": 0.023036441621060666,
    "pearson_model_1": 0.932384784138989,
    "pearson_model_2": 0.9219365606323026,
    "ratio_mean": 0.7618928411250896,
    "ratio_median": 0.7623260175262057,
    "ratio_std": 0.06524440411888395,
    "ratio_frac_less_than_one": 0.98,
    "bin_centers": [
        2.3967416200929827,
        3.6331450800416007,
        4.86954853999022,
        6.105951999938837,
        7.342355459887456,
        8.578758919836073
    ],
    "bin_mean_RMSE_model_1": [
        0.18270686907427652,
        0.34418309256434443,
        0.4656291344891424,
        0.5610728572916102,
        0.6926467839409324,
        0.7849644919236501
    ],
    "bin_mean_RMSE_model_2": [
        0.1627222044127328,
        0.26029366031289103,
        0.34485204647416656,
        0.4113839975109807,
        0.5300664779017953,
        0.6240122417608897
    ],
    "bin_improvement": [
        0.019984664661543722,
        0.0838894322514534,
        0.12077708801497583,
        0.14968885978062946,
        0.1625803060391371,
        0.1609522501627605
    ],
    "bin_counts": [
        7,
        20,
        23,
        27,
        17,
        6
    ],
    "weighted_mean_improvement": 0.12366732239723208,
    "breakdown_distance_model_1": 4.6884138809252995,
    "breakdown_distance_model_2": 6.371133541272313
}