{
    "variable_name": "u",
    "model_1_name": "DeepONet",
    "model_2_name": "PI_DeepONet_1",
    "slope_model_1": 0.08234670670963994,
    "intercept_model_1": 0.05107694489183592,
    "slope_model_2": 0.023423180608912395,
    "intercept_model_2": 0.17725913488212397,
    "slope_difference": 0.05892352610072754,
    "pearson_model_1": 0.9244430567969142,
    "pearson_model_2": 0.8197685465515486,
    "ratio_mean": 0.6470757325934315,
    "ratio_median": 0.6238015831409662,
    "ratio_std": 0.13488404921183494,
    "ratio_frac_less_than_one": 1.0,
    "bin_centers": [
        2.3967416200929827,
        3.6331450800416007,
        4.86954853999022,
        6.105951999938837,
        7.342355459887456,
        8.578758919836073
    ],
    "bin_mean_RMSE_model_1": [
        0.23541480017131886,
        0.35421958392272906,
        0.45882534008903625,
        0.5522077989593145,
        0.6636649404536697,
        0.737500203860925
    ],
    "bin_mean_RMSE_model_2": [
        0.21588670516993944,
        0.26912284152741855,
        0.29813306462469197,
        0.3127412947731876,
        0.3517667258668387,
        0.38212504597180863
    ],
    "bin_improvement": [
        0.01952809500137942,
        0.08509674239531051,
        0.16069227546434428,
        0.23946650418612692,
        0.31189821458683104,
        0.35537515788911633
    ],
    "bin_counts": [
        7,
        20,
        23,
        27,
        17,
        6
    ],
    "weighted_mean_improvement": 0.19434670056932035,
    "breakdown_distance_model_1": 4.99087833424101,
    "breakdown_distance_model_2": null
}