{
    "variable_name": "v",
    "model_1_name": "DeepONet",
    "model_2_name": "PI_DeepONet_1",
    "slope_model_1": 0.07803749102294127,
    "intercept_model_1": -0.03507440144870452,
    "slope_model_2": 0.01824741987757699,
    "intercept_model_2": 0.11889857023329953,
    "slope_difference": 0.05979007114536428,
    "pearson_model_1": 0.8997217503942714,
    "pearson_model_2": 0.8385607475959241,
    "ratio_mean": 0.617593326801724,
    "ratio_median": 0.5747312781963438,
    "ratio_std": 0.1683155611159228,
    "ratio_frac_less_than_one": 0.99,
    "bin_centers": [
        2.3967416200929827,
        3.6331450800416007,
        4.86954853999022,
        6.105951999938837,
        7.342355459887456,
        8.578758919836073
    ],
    "bin_mean_RMSE_model_1": [
        0.16122682179312092,
        0.24731217399319147,
        0.34385575010597,
        0.4427607510096309,
        0.5475939612150053,
        0.6159675302084205
    ],
    "bin_mean_RMSE_model_2": [
        0.15204295806302648,
        0.18859419498538316,
        0.21231635164212034,
        0.22670619437334066,
        0.25488142001578346,
        0.27374566726092264
    ],
    "bin_improvement": [
        0.009183863730094444,
        0.05871797900780831,
        0.13153939846384968,
        0.21605455663629025,
        0.2927125411992218,
        0.3422218629474979
    ],
    "bin_counts": [
        7,
        20,
        23,
        27,
        17,
        6
    ],
    "weighted_mean_improvement": 0.17126970198186967,
    "breakdown_distance_model_1": 5.545874084954367,
    "breakdown_distance_model_2": null
}