{
    "variable_name": "velocity_magnitude",
    "model_1_name": "DeepONet",
    "model_2_name": "PI_DeepONet_2",
    "slope_model_1": 0.10918344038084474,
    "intercept_model_1": -0.03337162310123615,
    "slope_model_2": 0.03509454145396816,
    "intercept_model_2": 0.14307310306352783,
    "slope_difference": 0.07408889892687658,
    "pearson_model_1": 0.9022826321808166,
    "pearson_model_2": 0.9014659358623169,
    "ratio_mean": 0.642269864581857,
    "ratio_median": 0.6183999865303308,
    "ratio_std": 0.13980544200549336,
    "ratio_frac_less_than_one": 1.0,
    "bin_centers": [
        2.3967416200929827,
        3.6331450800416007,
        4.86954853999022,
        6.105951999938837,
        7.342355459887456,
        8.578758919836073
    ],
    "bin_mean_RMSE_model_1": [
        0.23415928653308324,
        0.3626102015376091,
        0.49890801310539246,
        0.6362789063541977,
        0.7804730569615084,
        0.8736761808395386
    ],
    "bin_mean_RMSE_model_2": [
        0.21114499015467508,
        0.27542705908417703,
        0.32100667383359827,
        0.352798444253427,
        0.4040503028561087,
        0.4389532109101613
    ],
    "bin_improvement": [
        0.023014296378408156,
        0.08718314245343206,
        0.1779013392717942,
        0.2834804621007707,
        0.37642275410539966,
        0.43472296992937726
    ],
    "bin_counts": [
        7,
        20,
        23,
        27,
        17,
        6
    ],
    "weighted_mean_improvement": 0.22657990843057632,
    "breakdown_distance_model_1": 4.6884138809252995,
    "breakdown_distance_model_2": null
}