{
    "variable_name": "u",
    "model_1_name": "DeepONet",
    "model_2_name": "PI_DeepONet_3",
    "slope_model_1": 0.0878335115506495,
    "intercept_model_1": 0.056456808386304534,
    "slope_model_2": 0.025281813912797574,
    "intercept_model_2": 0.17866157401143287,
    "slope_difference": 0.06255169763785193,
    "pearson_model_1": 0.9319937687828778,
    "pearson_model_2": 0.8314276271501406,
    "ratio_mean": 0.6256507671476763,
    "ratio_median": 0.598210545785134,
    "ratio_std": 0.127991192271744,
    "ratio_frac_less_than_one": 1.0,
    "bin_centers": [
        2.3967416200929827,
        3.6331450800416007,
        4.86954853999022,
        6.105951999938837,
        7.342355459887456,
        8.578758919836073
    ],
    "bin_mean_RMSE_model_1": [
        0.24978851764775825,
        0.3803685648434364,
        0.4923979538679364,
        0.5912596865999554,
        0.70914032190686,
        0.7874034450028806
    ],
    "bin_mean_RMSE_model_2": [
        0.22072669318082755,
        0.2774411644237471,
        0.309031433397078,
        0.3254215894643257,
        0.36687911255491545,
        0.3989759528064871
    ],
    "bin_improvement": [
        0.029061824466930702,
        0.10292740041968929,
        0.18336652047085839,
        0.2658380971356297,
        0.3422612093519446,
        0.3884274921963935
    ],
    "bin_counts": [
        7,
        20,
        23,
        27,
        17,
        6
    ],
    "weighted_mean_improvement": 0.21806044885315465,
    "breakdown_distance_model_1": 4.6884138809252995,
    "breakdown_distance_model_2": null
}