{
    "variable_name": "h",
    "model_1_name": "DeepONet",
    "model_2_name": "PI_DeepONet_3",
    "slope_model_1": 0.09891711334242063,
    "intercept_model_1": -0.01858856912587683,
    "slope_model_2": 0.08288373804354014,
    "intercept_model_2": -0.00284203528792397,
    "slope_difference": 0.016033375298880492,
    "pearson_model_1": 0.9334440824406494,
    "pearson_model_2": 0.9089754029375106,
    "ratio_mean": 0.8692576507428034,
    "ratio_median": 0.895246690952829,
    "ratio_std": 0.07813197060886436,
    "ratio_frac_less_than_one": 1.0,
    "bin_centers": [
        2.3967416200929827,
        3.6331450800416007,
        4.86954853999022,
        6.105951999938837,
        7.342355459887456,
        8.578758919836073
    ],
    "bin_mean_RMSE_model_1": [
        0.18240055654730117,
        0.34993765950202943,
        0.4789669202721637,
        0.5807942383819156,
        0.7142218140994802,
        0.8057512938976288
    ],
    "bin_mean_RMSE_model_2": [
        0.1692741917712348,
        0.31273858696222306,
        0.4129627191502115,
        0.4840502915558992,
        0.6161827147006989,
        0.7200215856234232
    ],
    "bin_improvement": [
        0.01312636477606638,
        0.037199072539806366,
        0.06600420112195221,
        0.09674394682601639,
        0.0980390993987813,
        0.08572970827420556
    ],
    "bin_counts": [
        7,
        20,
        23,
        27,
        17,
        6
    ],
    "weighted_mean_improvement": 0.0714709213376045,
    "breakdown_distance_model_1": 4.6884138809252995,
    "breakdown_distance_model_2": 5.153177086733622
}