{
    "variable_name": "u",
    "model_1_name": "DeepONet",
    "model_2_name": "PI_DeepONet_3",
    "slope_model_1": 0.08234670670963994,
    "intercept_model_1": 0.05107694489183592,
    "slope_model_2": 0.026893947879519608,
    "intercept_model_2": 0.2083316725493934,
    "slope_difference": 0.055452758830120324,
    "pearson_model_1": 0.9244430567969142,
    "pearson_model_2": 0.9044547156953829,
    "ratio_mean": 0.7525831198494853,
    "ratio_median": 0.7207051444432545,
    "ratio_std": 0.1472470043356682,
    "ratio_frac_less_than_one": 0.94,
    "bin_centers": [
        2.3967416200929827,
        3.6331450800416007,
        4.86954853999022,
        6.105951999938837,
        7.342355459887456,
        8.578758919836073
    ],
    "bin_mean_RMSE_model_1": [
        0.23541480017131886,
        0.35421958392272906,
        0.45882534008903625,
        0.5522077989593145,
        0.6636649404536697,
        0.737500203860925
    ],
    "bin_mean_RMSE_model_2": [
        0.2551534308253215,
        0.3098125314557891,
        0.3466933125675362,
        0.3708533035975163,
        0.40657103112304777,
        0.43029475606793843
    ],
    "bin_improvement": [
        -0.019738630654002637,
        0.04440705246693999,
        0.11213202752150003,
        0.1813544953617982,
        0.257093909330622,
        0.30720544779298653
    ],
    "bin_counts": [
        7,
        20,
        23,
        27,
        17,
        6
    ],
    "weighted_mean_improvement": 0.14439407787902325,
    "breakdown_distance_model_1": 4.99087833424101,
    "breakdown_distance_model_2": null
}