{
    "variable_name": "u",
    "model_1_name": "DeepONet",
    "model_2_name": "PI-DeepONet",
    "slope_model_1": 0.08939009350393921,
    "intercept_model_1": 0.02892739720280608,
    "slope_model_2": 0.06605271008103406,
    "intercept_model_2": 0.10587410425646318,
    "slope_difference": 0.02333738342290516,
    "pearson_model_1": 0.9257927320742914,
    "pearson_model_2": 0.9424546547727415,
    "ratio_mean": 0.9262034198010631,
    "ratio_median": 0.9229750136807215,
    "ratio_std": 0.08624619447676275,
    "ratio_frac_less_than_one": 0.83,
    "bin_centers": [
        2.3967416200929827,
        3.6331450800416007,
        4.86954853999022,
        6.105951999938837,
        7.342355459887456,
        8.578758919836073
    ],
    "bin_mean_RMSE_model_1": [
        0.22863377660429404,
        0.35652690561886113,
        0.4720290214100794,
        0.5754229063563112,
        0.6931087604261343,
        0.7686252828882262
    ],
    "bin_mean_RMSE_model_2": [
        0.24970320991667025,
        0.3517649038553437,
        0.43509226027133274,
        0.5026657804123419,
        0.5975362584902184,
        0.6663263294651603
    ],
    "bin_improvement": [
        -0.021069433312376207,
        0.004762001763517432,
        0.036936761138746665,
        0.07275712594396933,
        0.09557250193591593,
        0.10229895342306583
    ],
    "bin_counts": [
        7,
        20,
        23,
        27,
        17,
        6
    ],
    "weighted_mean_improvement": 0.05000268162211027,
    "breakdown_distance_model_1": 4.810668613208699,
    "breakdown_distance_model_2": 5.46976901015456
}