{
    "variable_name": "v",
    "model_1_name": "DeepONet",
    "model_2_name": "PI_DeepONet_2",
    "slope_model_1": 0.07803749102294127,
    "intercept_model_1": -0.03507440144870452,
    "slope_model_2": 0.019316410205190645,
    "intercept_model_2": 0.10953841923929979,
    "slope_difference": 0.058721080817750626,
    "pearson_model_1": 0.8997217503942714,
    "pearson_model_2": 0.878741279648441,
    "ratio_mean": 0.6041201214234253,
    "ratio_median": 0.5693836890198298,
    "ratio_std": 0.1535083154764203,
    "ratio_frac_less_than_one": 1.0,
    "bin_centers": [
        2.3967416200929827,
        3.6331450800416007,
        4.86954853999022,
        6.105951999938837,
        7.342355459887456,
        8.578758919836073
    ],
    "bin_mean_RMSE_model_1": [
        0.16122682179312092,
        0.24731217399319147,
        0.34385575010597,
        0.4427607510096309,
        0.5475939612150053,
        0.6159675302084205
    ],
    "bin_mean_RMSE_model_2": [
        0.14934152248098717,
        0.18178353377161366,
        0.20682533448058746,
        0.2252118013813752,
        0.25364321854836713,
        0.2717961612198973
    ],
    "bin_improvement": [
        0.011885299312133751,
        0.06552864022157781,
        0.13703041562538257,
        0.21754894962825572,
        0.2939507426666381,
        0.34417136898852324
    ],
    "bin_counts": [
        7,
        20,
        23,
        27,
        17,
        6
    ],
    "weighted_mean_improvement": 0.17481481938227184,
    "breakdown_distance_model_1": 5.545874084954367,
    "breakdown_distance_model_2": null
}