{
    "variable_name": "v",
    "model_1_name": "DeepONet",
    "model_2_name": "PI_DeepONet_1",
    "slope_model_1": 0.08394018821545121,
    "intercept_model_1": -0.03394733725486117,
    "slope_model_2": 0.020237713253921572,
    "intercept_model_2": 0.10142372829205293,
    "slope_difference": 0.06370247496152964,
    "pearson_model_1": 0.9163592329683793,
    "pearson_model_2": 0.8464550039772307,
    "ratio_mean": 0.5453404743511743,
    "ratio_median": 0.5022629239116161,
    "ratio_std": 0.14100406684561986,
    "ratio_frac_less_than_one": 1.0,
    "bin_centers": [
        2.3967416200929827,
        3.6331450800416007,
        4.86954853999022,
        6.105951999938837,
        7.342355459887456,
        8.578758919836073
    ],
    "bin_mean_RMSE_model_1": [
        0.17224393900747964,
        0.2706731600469835,
        0.3752205604677419,
        0.48025691856293534,
        0.5918106330875069,
        0.6649362614106022
    ],
    "bin_mean_RMSE_model_2": [
        0.13853969829184107,
        0.17866671724639857,
        0.2049672933393474,
        0.2209281138241422,
        0.25218680015018213,
        0.273595976280633
    ],
    "bin_improvement": [
        0.03370424071563857,
        0.09200644280058493,
        0.17025326712839448,
        0.25932880473879316,
        0.3396238329373248,
        0.39134028512996927
    ],
    "bin_counts": [
        7,
        20,
        23,
        27,
        17,
        6
    ],
    "weighted_mean_improvement": 0.21115408283635995,
    "breakdown_distance_model_1": 5.092195034616789,
    "breakdown_distance_model_2": null
}