{
    "variable_name": "u",
    "model_1_name": "DeepONet",
    "model_2_name": "PI_DeepONet_2",
    "slope_model_1": 0.0878335115506495,
    "intercept_model_1": 0.056456808386304534,
    "slope_model_2": 0.02271866999829732,
    "intercept_model_2": 0.15545344963045088,
    "slope_difference": 0.06511484155235218,
    "pearson_model_1": 0.9319937687828778,
    "pearson_model_2": 0.8185131257928754,
    "ratio_mean": 0.5521987296421734,
    "ratio_median": 0.5248249648169001,
    "ratio_std": 0.1159399906020669,
    "ratio_frac_less_than_one": 1.0,
    "bin_centers": [
        2.3967416200929827,
        3.6331450800416007,
        4.86954853999022,
        6.105951999938837,
        7.342355459887456,
        8.578758919836073
    ],
    "bin_mean_RMSE_model_1": [
        0.24978851764775825,
        0.3803685648434364,
        0.4923979538679364,
        0.5912596865999554,
        0.70914032190686,
        0.7874034450028806
    ],
    "bin_mean_RMSE_model_2": [
        0.19650033956683985,
        0.24423116821299945,
        0.27173048318063,
        0.2859647711741809,
        0.3253706944042123,
        0.35690701551635645
    ],
    "bin_improvement": [
        0.0532881780809184,
        0.13613739663043695,
        0.2206674706873064,
        0.3052949154257745,
        0.38376962750264776,
        0.43049642948652417
    ],
    "bin_counts": [
        7,
        20,
        23,
        27,
        17,
        6
    ],
    "weighted_mean_improvement": 0.25521141965943284,
    "breakdown_distance_model_1": 4.6884138809252995,
    "breakdown_distance_model_2": null
}