{
    "variable_name": "velocity_magnitude",
    "model_1_name": "DeepONet",
    "model_2_name": "PI_DeepONet_3",
    "slope_model_1": 0.11823542629335894,
    "intercept_model_1": -0.030861234306401003,
    "slope_model_2": 0.03378204617089015,
    "intercept_model_2": 0.14262160947206032,
    "slope_difference": 0.08445338012246878,
    "pearson_model_1": 0.917473735431982,
    "pearson_model_2": 0.8519683498116928,
    "ratio_mean": 0.5744867353311388,
    "ratio_median": 0.5415766387850537,
    "ratio_std": 0.1379255927478148,
    "ratio_frac_less_than_one": 1.0,
    "bin_centers": [
        2.3967416200929827,
        3.6331450800416007,
        4.86954853999022,
        6.105951999938837,
        7.342355459887456,
        8.578758919836073
    ],
    "bin_mean_RMSE_model_1": [
        0.2527062062706266,
        0.39933794289827346,
        0.5475012802559397,
        0.6939916378921933,
        0.8494620743919822,
        0.9506765007972717
    ],
    "bin_mean_RMSE_model_2": [
        0.20121125451156072,
        0.27263870388269423,
        0.3163517519183781,
        0.34137316544850665,
        0.393880183205885,
        0.4313911845286687
    ],
    "bin_improvement": [
        0.051494951759065904,
        0.12669923901557922,
        0.23114952833756158,
        0.35261847244368666,
        0.45558189118609715,
        0.5192853162686031
    ],
    "bin_counts": [
        7,
        20,
        23,
        27,
        17,
        6
    ],
    "weighted_mean_improvement": 0.2859219139814377,
    "breakdown_distance_model_1": 4.139584159519636,
    "breakdown_distance_model_2": null
}