{
    "variable_name": "velocity_magnitude",
    "model_1_name": "DeepONet",
    "model_2_name": "PI_DeepONet_2",
    "slope_model_1": 0.11823542629335894,
    "intercept_model_1": -0.030861234306401003,
    "slope_model_2": 0.0323272469409895,
    "intercept_model_2": 0.13526827668250208,
    "slope_difference": 0.08590817935236944,
    "pearson_model_1": 0.917473735431982,
    "pearson_model_2": 0.8342125549542168,
    "ratio_mean": 0.5476516946843408,
    "ratio_median": 0.512633356516529,
    "ratio_std": 0.1350103068564213,
    "ratio_frac_less_than_one": 1.0,
    "bin_centers": [
        2.3967416200929827,
        3.6331450800416007,
        4.86954853999022,
        6.105951999938837,
        7.342355459887456,
        8.578758919836073
    ],
    "bin_mean_RMSE_model_1": [
        0.2527062062706266,
        0.39933794289827346,
        0.5475012802559397,
        0.6939916378921933,
        0.8494620743919822,
        0.9506765007972717
    ],
    "bin_mean_RMSE_model_2": [
        0.19013618571417673,
        0.260381481051445,
        0.3019423497759778,
        0.324512771986149,
        0.3757847828023574,
        0.41309648752212524
    ],
    "bin_improvement": [
        0.06257002055644989,
        0.13895646184682847,
        0.2455589304799619,
        0.36947886590604434,
        0.4736772915896248,
        0.5375800132751465
    ],
    "bin_counts": [
        7,
        20,
        23,
        27,
        17,
        6
    ],
    "weighted_mean_improvement": 0.30118898198008537,
    "breakdown_distance_model_1": 4.139584159519636,
    "breakdown_distance_model_2": null
}