{
    "variable_name": "v",
    "model_1_name": "DeepONet",
    "model_2_name": "PI_DeepONet_2",
    "slope_model_1": 0.08394018821545121,
    "intercept_model_1": -0.03394733725486117,
    "slope_model_2": 0.018436442625991444,
    "intercept_model_2": 0.10979406187768473,
    "slope_difference": 0.06550374558945976,
    "pearson_model_1": 0.9163592329683793,
    "pearson_model_2": 0.8130941269534591,
    "ratio_mean": 0.5449997521323329,
    "ratio_median": 0.49691110656236304,
    "ratio_std": 0.15095528851035617,
    "ratio_frac_less_than_one": 1.0,
    "bin_centers": [
        2.3967416200929827,
        3.6331450800416007,
        4.86954853999022,
        6.105951999938837,
        7.342355459887456,
        8.578758919836073
    ],
    "bin_mean_RMSE_model_1": [
        0.17224393900747964,
        0.2706731600469835,
        0.3752205604677419,
        0.48025691856293534,
        0.5918106330875069,
        0.6649362614106022
    ],
    "bin_mean_RMSE_model_2": [
        0.14127013027876628,
        0.1809114372328946,
        0.20493386101528296,
        0.21793927552946676,
        0.24709348911563483,
        0.26713509499262716
    ],
    "bin_improvement": [
        0.03097380872871336,
        0.0897617228140889,
        0.17028669945245892,
        0.2623176430334686,
        0.3447171439718721,
        0.3978011664179751
    ],
    "bin_counts": [
        7,
        20,
        23,
        27,
        17,
        6
    ],
    "weighted_mean_improvement": 0.21258220012722653,
    "breakdown_distance_model_1": 5.092195034616789,
    "breakdown_distance_model_2": null
}