{
    "variable_name": "h",
    "model_1_name": "DeepONet",
    "model_2_name": "PI_DeepONet_3",
    "slope_model_1": 0.09472766979723929,
    "intercept_model_1": -0.010235967616256603,
    "slope_model_2": 0.07332488651599076,
    "intercept_model_2": 0.07319036280563869,
    "slope_difference": 0.021402783281248533,
    "pearson_model_1": 0.932384784138989,
    "pearson_model_2": 0.9198655430615749,
    "ratio_mean": 0.9695120608792164,
    "ratio_median": 0.9533959339331644,
    "ratio_std": 0.14249266554981269,
    "ratio_frac_less_than_one": 0.77,
    "bin_centers": [
        2.3967416200929827,
        3.6331450800416007,
        4.86954853999022,
        6.105951999938837,
        7.342355459887456,
        8.578758919836073
    ],
    "bin_mean_RMSE_model_1": [
        0.18270686907427652,
        0.34418309256434443,
        0.4656291344891424,
        0.5610728572916102,
        0.6926467839409324,
        0.7849644919236501
    ],
    "bin_mean_RMSE_model_2": [
        0.24416897126606532,
        0.34930454939603806,
        0.43580188828965893,
        0.5025065088713611,
        0.623506404021207,
        0.7199824551741282
    ],
    "bin_improvement": [
        -0.0614621021917888,
        -0.005121456831693627,
        0.02982724619948346,
        0.058566348420249104,
        0.06914037991972533,
        0.06498203674952197
    ],
    "bin_counts": [
        7,
        20,
        23,
        27,
        17,
        6
    ],
    "weighted_mean_improvement": 0.03299932897090914,
    "breakdown_distance_model_1": 4.6884138809252995,
    "breakdown_distance_model_2": 5.153177086733622
}