{
    "n_PDE_points": 1326,
    "n_boundary_points": 118,
    "PINN_normalization_specs": {
        "x": "min-max",
        "y": "min-max",
        "t": "min-max",
        "h": "z-score",
        "u": "z-score",
        "v": "z-score",
        "Umag": "z-score",
        "zb": "none",
        "Sx": "none",
        "Sy": "none",
        "ManningN": "none"
    },
    "all_points_stats": {
        "x_min": 0.06946082607693886,
        "x_max": 14.925184233180644,
        "x_mean": 7.392477966972783,
        "x_std": 4.3184926852848475,
        "y_min": 0.06638166537812223,
        "y_max": 4.934003550162006,
        "y_mean": 2.504509117213767,
        "y_std": 1.4464262192456085,
        "t_min": 0.0,
        "t_max": 1.0,
        "t_mean": 0.5,
        "t_std": 1.0,
        "zb_min": 0.0,
        "zb_max": 0.0,
        "zb_mean": 0.0,
        "zb_std": 0.0,
        "Sx_min": -0.0,
        "Sx_max": -0.0,
        "Sx_mean": 0.0,
        "Sx_std": 0.0,
        "Sy_min": -0.0,
        "Sy_max": -0.0,
        "Sy_mean": 0.0,
        "Sy_std": 0.0,
        "ManningN_min": 0.029999999329447746,
        "ManningN_max": 0.029999999329447746,
        "ManningN_mean": 0.029999999329447746,
        "ManningN_std": 0.0
    },
    "all_data_stats": {
        "h_min": 0.3978223204612732,
        "h_max": 0.4040868282318115,
        "h_mean": 0.40104857087135315,
        "h_std": 0.001106061041355133,
        "u_min": -0.04037458449602127,
        "u_max": 0.26190635561943054,
        "u_mean": 0.19382458925247192,
        "u_std": 0.039750512689352036,
        "v_min": -0.1495518833398819,
        "v_max": 0.15047772228717804,
        "v_mean": -1.8624114090926014e-05,
        "v_std": 0.016589488834142685,
        "Umag_min": 0.009774450212717056,
        "Umag_max": 0.2619071304798126,
        "Umag_mean": 0.1951053887605667,
        "Umag_std": 0.03683996573090553
    }
}