{
    "all_DeepONet_branch_trunk_outputs_stats": {
        "normalization_method": {
            "branch_inputs": "z-score",
            "trunk_inputs": "min-max",
            "outputs": "z-score",
            "static_fields": "z-score"
        },
        "branch_inputs": {
            "min": [
                200.88502502441406,
                20.153738021850586,
                102.48853302001953
            ],
            "max": [
                649.9136962890625,
                78.63444519042969,
                399.97711181640625
            ],
            "mean": [
                422.05154067993163,
                48.34826190948486,
                271.4849629211426
            ],
            "std": [
                128.42468737875373,
                16.77518287182429,
                83.51590253110776
            ]
        },
        "trunk_inputs": {
            "min": [
                16971.947265625,
                -8569.83984375
            ],
            "max": [
                22282.3671875,
                -2668.64404296875
            ],
            "mean": [
                19496.32983534179,
                -6700.6566852451415
            ],
            "std": [
                1078.9268280996366,
                1097.9150754931459
            ]
        },
        "outputs": {
            "min": [
                0.0,
                -1.129996418952942,
                -0.4991458058357239
            ],
            "max": [
                19.728200912475586,
                1.3637831211090088,
                4.219301700592041
            ],
            "mean": [
                5.203182105702481,
                0.13226578574216957,
                -0.017345639704938683
            ],
            "std": [
                4.001525985979912,
                0.14995587650320322,
                0.19890484743337575
            ]
        }
    },
    "all_points_stats": {
        "x_min": 16971.947265625,
        "x_max": 22282.3671875,
        "x_mean": 19496.32983534179,
        "x_std": 1078.926828099744,
        "y_min": -8569.83984375,
        "y_max": -2668.64404296875,
        "y_mean": -6700.6566852451415,
        "y_std": 1097.915075493149,
        "t_min": 0.0,
        "t_max": 0.0,
        "t_mean": 0.0,
        "t_std": 0.0
    },
    "all_data_stats": {
        "h_min": 0.0,
        "h_max": 19.728200912475586,
        "h_mean": 5.203182105702481,
        "h_std": 4.001525985980637,
        "u_min": -1.129996418952942,
        "u_max": 1.3637831211090088,
        "u_mean": 0.13226578574216954,
        "u_std": 0.1499558765031667,
        "v_min": -0.4991458058357239,
        "v_max": 4.219301700592041,
        "v_mean": -0.017345639704938683,
        "v_std": 0.19890484743338602,
        "Umag_min": 0.0,
        "Umag_max": 4.367997109370078,
        "Umag_mean": 0.22850148388839955,
        "Umag_std": 0.16622901186585365
    }
}