{
    "PINN_normalization_specs": {
        "x": "min-max",
        "y": "min-max",
        "t": "min-max",
        "zb": "none",
        "Sx": "none",
        "Sy": "none",
        "ManningN": "none"
    },
    "all_points_stats": {
        "x_min": 0.0,
        "x_max": 15.0,
        "x_mean": 7.5,
        "x_std": 4.68345832824707,
        "y_min": 0.0,
        "y_max": 5.0,
        "y_mean": 2.5,
        "y_std": 1.763149380683899,
        "t_min": 0.0,
        "t_max": 0.0,
        "t_mean": 0.0,
        "t_std": 0.0,
        "zb_min": 0.0,
        "zb_max": 0.22799375653266907,
        "zb_mean": 0.020108839496970177,
        "zb_std": 0.05483154579997063,
        "Sx_min": -0.13374049961566925,
        "Sx_max": 0.13374049961566925,
        "Sx_mean": 3.9736430812453705e-10,
        "Sx_std": 0.0412067249417305,
        "Sy_min": -0.3472774922847748,
        "Sy_max": 0.3472774922847748,
        "Sy_mean": 0.002261573448777199,
        "Sy_std": 0.08915216475725174,
        "ManningN_min": 0.029999999329447746,
        "ManningN_max": 0.029999999329447746,
        "ManningN_mean": 0.029999997466802597,
        "ManningN_std": 1.862645149230957e-09
    }
}