{
    "PINN_normalization_specs": {
        "x": "min-max",
        "y": "min-max",
        "t": "min-max",
        "zb": "none",
        "Sx": "none",
        "Sy": "none",
        "ManningN": "none"
    },
    "all_points_stats": {
        "x_min": 16953.830078125,
        "x_max": 22295.591796875,
        "x_mean": 19492.53125,
        "x_std": 1126.2620849609375,
        "y_min": -8585.884765625,
        "y_max": -2653.36572265625,
        "y_mean": -6673.12060546875,
        "y_std": 1180.78466796875,
        "t_min": 0.0,
        "t_max": 0.0,
        "t_mean": 0.0,
        "t_std": 0.0,
        "zb_min": -7.0627312660217285,
        "zb_max": 13.246532440185547,
        "zb_mean": 5.420106410980225,
        "zb_std": 3.965729236602783,
        "Sx_min": -0.48598915338516235,
        "Sx_max": 0.3305756449699402,
        "Sx_mean": -0.0033390617463737726,
        "Sx_std": 0.0760246217250824,
        "Sy_min": -0.3325938582420349,
        "Sy_max": 0.33302420377731323,
        "Sy_mean": 0.0027050296775996685,
        "Sy_std": 0.07960519939661026,
        "ManningN_min": 0.029999999329447746,
        "ManningN_max": 0.10000000149011612,
        "ManningN_mean": 0.04501786828041077,
        "ManningN_std": 0.023841289803385735
    }
}