{
    "PINN_normalization_specs": {
        "x": "min-max",
        "y": "min-max",
        "t": "min-max",
        "h": "z-score",
        "u": "z-score",
        "v": "z-score",
        "Umag": "z-score",
        "zb": "none",
        "Sx": "none",
        "Sy": "none",
        "ManningN": "none"
    },
    "all_points_stats": {
        "x_min": 16971.947265625,
        "x_max": 22282.3671875,
        "x_mean": 19496.32983534179,
        "x_std": 1078.9268280997435,
        "y_min": -8569.83984375,
        "y_max": -2668.64404296875,
        "y_mean": -6700.6566852451415,
        "y_std": 1097.9150754931497,
        "t_min": 0.0,
        "t_max": 0.0,
        "t_mean": 0.0,
        "t_std": 0.0,
        "zb_min": -7.0627312660217285,
        "zb_max": 13.246532440185547,
        "zb_mean": 5.420106410980225,
        "zb_std": 3.965729236602783,
        "Sx_min": -0.48598915338516235,
        "Sx_max": 0.3305756449699402,
        "Sx_mean": -0.0033390617463737726,
        "Sx_std": 0.0760246217250824,
        "Sy_min": -0.3325938582420349,
        "Sy_max": 0.33302420377731323,
        "Sy_mean": 0.0027050296775996685,
        "Sy_std": 0.07960519939661026,
        "ManningN_min": 0.029999999329447746,
        "ManningN_max": 0.10000000149011612,
        "ManningN_mean": 0.04501786828041077,
        "ManningN_std": 0.023841289803385735
    },
    "all_data_stats": {
        "h_min": 0.0,
        "h_max": 20.224199295043945,
        "h_mean": 5.082669580820816,
        "h_std": 3.989294720968059,
        "u_min": -1.2296253442764282,
        "u_max": 1.3638949394226074,
        "u_mean": 0.13165188107789516,
        "u_std": 0.15320431496037756,
        "v_min": -0.5089664459228516,
        "v_max": 4.306253910064697,
        "v_mean": -0.014025304560057092,
        "v_std": 0.19928636147963877,
        "Umag_min": 0.0,
        "Umag_max": 4.478370376066993,
        "Umag_mean": 0.22757197139065707,
        "Umag_std": 0.1700780432360168
    }
}